filename,duration,tempo,key,scale,danceability,loudness,energy,dynamic_complexity,dissonance,inharmonicity,oddToEvenHarmonicRatio,tristimulus
2001968090.mp3,83.69065856933594,144.7820587158203,G,major,1.0225167274475098,1945.0089111328125,81065.875,7.518828392028809,0.4020582139492035,0.08419405668973923,4.5538859367370605,"0.2687548549588965, 0.3745430300626398, 0.35476090754202816"
2001968107.mp3,110.14398956298828,130.65074157714844,B,minor,1.083260178565979,3905.669921875,229477.171875,5.433844566345215,0.45723581314086914,0.07984843105077744,2.4825940132141113,"0.2300060356076065, 0.3307899996500906, 0.4392039658567006"
2002177393.mp3,208.72000122070312,122.4376449584961,Eb,minor,1.0763603448867798,911.2546997070312,26144.041015625,5.343998432159424,0.4291057288646698,0.07194732874631882,1.7355138063430786,"0.35403963041241104, 0.2741787013050026, 0.37100302591961076"
