filename,duration,tempo,key,scale,danceability,loudness,energy,dynamic_complexity,dissonance,inharmonicity,oddToEvenHarmonicRatio,tristimulus
2001968090.mp3,83.69065856933594,144.7820587158203,G,major,1.0225167274475098,1945.0089111328125,81065.875,7.518828392028809,0.40203872323036194,0.08438403159379959,4.556485176086426,"0.26877544573809087, 0.37527902965850746, 0.3540043171158286"
2001968107.mp3,110.14398956298828,130.65074157714844,B,minor,1.083260178565979,3905.669921875,229477.171875,5.433844566345215,0.45724761486053467,0.08044925332069397,2.4843146800994873,"0.22914818497394282, 0.3314713593081692, 0.4393804562116656"
2002177393.mp3,208.72000122070312,122.4376449584961,Eb,minor,1.0763603448867798,911.2546997070312,26144.041015625,5.343998432159424,0.4291057288646698,0.07194732874631882,1.7355138063430786,"0.3540396303282916, 0.2741787014380191, 0.3710030258864603"
