filename,duration,tempo,key,scale,danceability,loudness,energy,dynamic_complexity,dissonance,inharmonicity,oddToEvenHarmonicRatio,tristimulus
2001968090.mp3,83.69065856933594,144.7820587158203,G,major,1.0225167274475098,1945.0089111328125,81065.875,7.518828392028809,0.40203508734703064,0.08475165069103241,4.556153297424316,"0.2691282069881194, 0.37468631687861803, 0.35424426807852794"
2001968107.mp3,110.14398956298828,130.65074157714844,B,minor,1.083260178565979,3905.669921875,229477.171875,5.433844566345215,0.457223117351532,0.07979093492031097,2.4807329177856445,"0.23072435585742676, 0.3312111325671914, 0.43806451226935944"
2002177393.mp3,208.72000122070312,122.4376449584961,Eb,minor,1.0763603448867798,911.2546997070312,26144.041015625,5.343998432159424,0.4291057288646698,0.07194732874631882,1.7355138063430786,"0.35403963036392844, 0.274178701403211, 0.37100302587320005"
